---
layout:     post  
title:      初识MySQL 
subtitle:   MySQL
date:       2019-10-23
author:     小卷子
header-img: img/tag-bg.jpg
catalog: true
tags:
    - 标签
---

## 前言

仅仅只是记录自己学习MySQL的一些笔记和命令



### demo表

![image-20191024152324319](/Users/yeqiu/Library/Application Support/typora-user-images/image-20191024152324319.png)



![](https://tva1.sinaimg.cn/large/006y8mN6ly1g89bisfrhwj30d20emaa5.jpg)

以上两张表储存学生的基本信息和各科目的成绩。

如果需要查找某个学生的成绩，可以先通过学生基本信息表查找学号，在通过学号查找具体科目的成绩。

### 安装MySQL

mac下安装

```sql
brew install mysql
```

[安装brew](https://brew.sh/index_zh-cn.html)

安装过程会有些漫长。等待安装完成后会提示。

**启动MySQL服务**

~~~sql
mysql.server start
~~~

**首次启动需要执行安全设置**

~~~sql
mysql_secure_installation
~~~

显示如下

~~~spl  
There are three levels of password validation policy:

LOW    Length >= 8
MEDIUM Length >= 8, numeric, mixed case, and special characters
STRONG Length >= 8, numeric, mixed case, special characters and dictionary     
~~~

按照安全等级设置Root用户密码

**登录**

```sql
mysql -u root -p
```

按照提示输入密码 **注意sql命令要以;结尾**

**查看所有的数据库**

~~~sql
SHOW DATABASES;
~~~

**断开连接**

~~~sql
quit
exit
\q
~~~

以上三个命令都可以，输入后会提示 `Bye`说明成功，此时已经关闭客户端服务，并未关闭服务

**关闭MySQL服务**

~~~sql
mysql.server stop
~~~



### MySQL数据类型

1. 整数类型
   包括 TINYINT、SMALLINT、MEDIUMINT、INT、BIGINT，浮点数类型 FLOAT 和 DOUBLE，定点数类型 DECIMAL。
2.  日期/时间类型
   包括 YEAR、TIME、DATE、DATETIME 和 TIMESTAMP。
3. 字符串类型
   包括 CHAR、VARCHAR、BINARY、VARBINARY、BLOB、TEXT、ENUM 和 SET 等。
4. 二进制类型
   包括 BIT、BINARY、VARBINARY、TINYBLOB、BLOB、MEDIUMBLOB 和 LONGBLOB。

**数字类型**

很显然，使用的字节数越多，意味着能表示的数值范围就越大，但是也就越耗费存储空间。根据表示一个数占用字节数的不同，`MySQL`把整数划分成如下所示的类型：

| 类型         | 大小                                     | 范围（有符号）                                               | 范围（无符号）                                               |      用途       |
| :----------- | :--------------------------------------- | :----------------------------------------------------------- | :----------------------------------------------------------- | :-------------: |
| TINYINT      | 1 字节                                   | (-128，127)                                                  | (0，255)                                                     |    小整数值     |
| SMALLINT     | 2 字节                                   | (-32 768，32 767)                                            | (0，65 535)                                                  |    大整数值     |
| MEDIUMINT    | 3 字节                                   | (-8 388 608，8 388 607)                                      | (0，16 777 215)                                              |    大整数值     |
| INT或INTEGER | 4 字节                                   | (-2 147 483 648，2 147 483 647)                              | (0，4 294 967 295)                                           |    大整数值     |
| BIGINT       | 8 字节                                   | (-9,223,372,036,854,775,808，9 223 372 036 854 775 807)      | (0，18 446 744 073 709 551 615)                              |   极大整数值    |
| FLOAT        | 4 字节                                   | (-3.402 823 466 E+38，-1.175 494 351 E-38)，0，(1.175 494 351 E-38，3.402 823 466 351 E+38) | 0，(1.175 494 351 E-38，3.402 823 466 E+38)                  | 单精度 浮点数值 |
| DOUBLE       | 8 字节                                   | (-1.797 693 134 862 315 7 E+308，-2.225 073 858 507 201 4 E-308)，0，(2.225 073 858 507 201 4 E-308，1.797 693 134 862 315 7 E+308) | 0，(2.225 073 858 507 201 4 E-308，1.797 693 134 862 315 7 E+308) | 双精度 浮点数值 |
| DECIMAL      | 对DECIMAL(M,D) ，如果M>D，为M+2否则为D+2 | 依赖于M和D的值                                               | 依赖于M和D的值                                               |     小数值      |



**日期和时间类型**

| 类型      | 大小 (字节) | 范围                                                         | 格式                | 用途                     |
| :-------- | :---------- | :----------------------------------------------------------- | :------------------ | :----------------------- |
| DATE      | 3           | 1000-01-01/9999-12-31                                        | YYYY-MM-DD          | 日期值                   |
| TIME      | 3           | '-838:59:59'/'838:59:59'                                     | HH:MM:SS            | 时间值或持续时间         |
| YEAR      | 1           | 1901/2155                                                    | YYYY                | 年份值                   |
| DATETIME  | 8           | 1000-01-01 00:00:00/9999-12-31 23:59:59                      | YYYY-MM-DD HH:MM:SS | 混合日期和时间值         |
| TIMESTAMP | 4           | 1970-01-01 00:00:00/2038结束时间是第 **2147483647** 秒，北京时间 **2038-1-19 11:14:07**，格林尼治时间 2038年1月19日 凌晨 03:14:07 | YYYYMMDD HHMMSS     | 混合日期和时间值，时间戳 |



**字符串类型**

| 类型       | 大小                | 用途                            |
| :--------- | :------------------ | :------------------------------ |
| CHAR(M)    | 0-255字节           | 固定长度字符串                  |
| VARCHAR(M) | 0-65535 字节        | 可变长度字符串                  |
| TINYBLOB   | 0-255字节           | 不超过 255 个字符的二进制字符串 |
| TINYTEXT   | 0-255字节           | 短文本字符串                    |
| BLOB       | 0-65 535字节        | 二进制形式的长文本数据          |
| TEXT       | 0-65 535字节        | 长文本数据                      |
| MEDIUMBLOB | 0-16 777 215字节    | 二进制形式的中等长度文本数据    |
| MEDIUMTEXT | 0-16 777 215字节    | 中等长度文本数据                |
| LONGBLOB   | 0-4 294 967 295字节 | 二进制形式的极大文本数据        |
| LONGTEXT   | 0-4 294 967 295字节 | 极大文本数据                    |

**ENUM类型和SET类型**

ENUM：也叫枚举类，格式如下：

~~~sql
ENUM('str1', 'str2', 'str3' ⋯)
~~~

表示只能在给定的字符串中选择一个。

SET：表示可能从给定的值里选择多个，格式如下：

~~~sql
SET('str1', 'str2', 'str3' ⋯)
~~~



### 创建数据库和表

**创建新的数据库**

```sql
CREATE DATABASE 数据库名;
```

**切换数据库**

```sql
USE 数据库名称;
```

**删除数据库 （工作环境不要操作）**

```sql
DROP DATABASE 数据库名;
```

**创建表**

创建一个表时至少需要完成下列事情：

1. 给表起个名。
2. 给表定义一些列，并且给这些列都起个名。
3. 每一个列都需要定义一种数据类型。
4. 如果有需要的话，可以给这些列定义一些列的属性，比如不许存储`NULL`，设置默认值等等。

`MySQL`中创建表的基本语法就是这样的：

```
CREATE TABLE 表名 (
    列名1    数据类型    [列的属性],
    列名2    数据类型    [列的属性],
    ...
    列名n    数据类型    [列的属性]
);
```

- 在`CREATE TABLE`后写清楚我们要创建的表的名称。
- 然后在小括号`()`中定义上这个表的各个列的信息，包括列的名称、列的数据类型，如果有需要的话也可以定义这个列的属性（列的属性用中括号`[]`引起来的意思就是这部分是可选的，也就是可有可无的）。
- 列名、数据类型、列的属性之间用空白字符分开就好，然后各个列的信息之间用逗号`,`分隔开。

~~~sql
CREATE TABLE first_table (
    first_column INT,
    second_column VARCHAR(100)
);
~~~

这个表的名称叫做`first_table`，它有两个列：

- 第一个列的名称是`first_column`，它的数据类型是`INT`，意味着只能存放整数。
- 第二个列的名称是`second_column`，它的数据类型是`VARCHAR(100)`，意味着这个列可以存放长度不超过100个字符的字符串。

**创建表时添加注释**

在创建表时将该表的用处以注释的形式添加到语句中，只要在建表语句最后加上`COMMENT`语句就好，如下：

~~~sql
CREATE TABLE 表名 (
    各个列的信息 ...
) COMMENT '表的注释信息';
~~~

例：创建学生信息表

![](https://tva1.sinaimg.cn/large/006y8mN6ly1g892brfx2nj30jt0a6wej.jpg)

学号：整数类型

姓名：字符串类型

性别：只有男女，可定义成ENUM

身份证号：最后一位可能是X，只能用字符串类型。可固定为18位

学院：字符串类型

专业：字符串类型

入学时间：日期类型

创建表的语句

~~~sql
CREATE TABLE student_info (
	number INT,
	name VARCHAR(10),
	sex ENUM('男','女'),
	id_card_number VARCHAR(18),
	department VARCHAR(20),
	major VARCHAR(20),
	enrollment_time DATE
) COMMENT'学生基本信息表';
~~~

**sql命令可以不区分大小写的。注意在创建语句表名和括号之间要加上空格**

**查看当前数据库中的所有表**

~~~sql
SHOW TABLES
~~~

**删除表**

~~~sql
DROP TABLE 表1, 表2, ..., 表n;
~~~

可以一次删除多个表

同样创建已存在的表或者删除不存在的表都会报错

**查看表结构**

以下语句都可以

~~~sql
DESCRIBE 表名;
DESC 表名;
EXPLAIN 表名;
SHOW COLUMNS FROM 表名;
SHOW FIELDS FROM 表名;
~~~

**没有选择当前数据库时对表的操作**

有时候并没有使用`USE`语句来选择当前数据库，或者在一条语句中遇到的表分散在不同的数据库中，如果想在语句中使用这些表，那么就必须显式的指定这些表所属的数据库了。比如不管当前数据库是哪个，我们都可以调用这个语句来展示对应数据库里边的表：

其他地方如果使用到表名的话，需要显式指定这个表所属的数据库，指明方式是这样的：

```sql
数据库名.表名
```

**修改表**

在表创建好之后如果对表的结构不满意，比如想增加或者删除一列，想修改某一列的数据类型或者属性，想对表名或者列名进行重命名，这些操作统统都算是修改表结构。

**修改表名**

~~~sql
1.ALTER TABLE 旧表名 RENAME TO 新表名;
2.RENAME TABLE 旧表名1 TO 新表名1, 旧表名2 TO 新表名2, ... 旧表名n TO 新表名n;
//这种改名方式可以在一条语句中修改多个表的名称。
~~~

**增加列**

~~~sql
ALTER TABLE 表名 ADD COLUMN 列名 数据类型 [列的属性];
~~~

默认的情况下列都是加到现有列的最后一列后面，我们也可以在添加列的时候指定它的位置。

~~~sql
//添加到第一列
ALTER TABLE 表名 ADD COLUMN 列名 列的类型 [列的属性] FIRST;
//添加到指定列的后边
ALTER TABLE 表名 ADD COLUMN 列名 列的类型 [列的属性] AFTER 指定列名;
~~~

~~~sql
ALTER TABLE student_info add column id int ;
ALTER TABLE student_info add column id int FIRST;
ALTER TABLE student_info add column name varchar(20) AFTER id
~~~

**删除列**

~~~sql
ALTER TABLE 表名 DROP COLUMN 列名;
~~~

~~~sql
ALTER TABLE student_info DROP COLUMN name;
~~~

**修改列**

~~~sql
1.修改列的数据类型
ALTER TABLE 表名 MODIFY 列名 新数据类型 [新属性];
2.修改列的名字和数据类型
ALTER TABLE 表名 CHANGE 旧列名 新列名 新数据类型 [新属性];
~~~

~~~sql
ALTER TABLE student_info MODIFY id VARCHAR(10);
ALTER TABLE student_info CHANGE id ids INT;
~~~

**修改列的排列方式**

~~~sql
1.将列设为表的第一列：
ALTER TABLE 表名 MODIFY 列名 列的类型 列的属性 FIRST;
2.将列放到指定列的后边：
ALTER TABLE 表名 MODIFY 列名 列的类型 列的属性 AFTER 指定列名;
~~~

~~~sql
ALTER TABLE student_info MODIFY name VARCHAR(20) FIRST;
ALTER TABLE student_info MODIFY name VARCHAR(20) AFTER id;
~~~

**同时操作多个修改**

~~~sql
ALTER TABLE 表名 操作1, 操作2, ..., 操作n;
~~~

~~~sql
ALTER TABLE student_info DROP COLUNM note ,ADD COLUNM mark VARCHAR(20);
//批量删除字段
ALTER TABLE student_info DROP COLUNM department,DROP column major,DROP column enrollment_time,DROP column mark;
~~~

### 添加数据

`MySQL`插入数据的时候是以行为单位的，语法格式如下：

~~~sql
INSERT INTO 表名(列1, 列2, ...) VALUES(列1的值，列2的值, ...);
~~~

在表明后面用小括号指定要插入的列，在VALUE后面用小括号按照顺序填入对应的值。未指定值得列默认值是null

~~~sql
INSERT INTO student_info(
	id,name,sex
)VALUES(
	1,'宫本武藏','男'
);
~~~

添加完可以使用以下命名查看表中所有数据

~~~sql
SELECT * FROM 表名;
~~~

**批量添加**

~~~sql
INSERT INTO 表名(列1,列2, ...) VAULES(列1的值，列2的值, ...), (列1的值，列2的值, ...), (列1的值，列2的值, ...), ...;
~~~

用,隔开添加的列和值



### 列的属性

**默认值**

在插入的时候指定了某些列，那些没有被指定的列的值就会是null。可以在建表的时候给这个列添加默认值。

~~~sql
列名 列的类型 DEFAULT 默认值
~~~

~~~SQL
CREATE TABLE student_info(
	name VARCHAR(10),
	titile VARCHAR(10),
	sex ENUM('男','女') DEFAULT '男'
)COMMENT '学生信息表';
~~~

**not null 属性**

有些时候要求表里的某些列必须有值，不能存放null。在建表时

~~~sql
列名 列的类型 NOT NULL
~~~

~~~sql
CREATE TABLE student_info(
	name VARCHAR(10) NOT NULL,
	title VARCHAR(10),
	sex ENUM('男','女') DEFAULT '男'
)COMMENT '学生信息表';
~~~

**主键**

在表里通过某个列来确定值的唯一性，这个列被称作候选键。之前学生信息里的学号或者身份证号都是唯一的，他们都是学生表里的候选键。一个表里可能会有多个候选键，从中选择一个候选键作为表的主键，一个表只能有一个主键，主键的值不能重复。通过主键可以找到唯一的一条记录。定义主键有一下两种方式

1.如果主键只是单个列的话，可以直接在该列后声明`PRIMARY KEY`，

~~~sql
CREATE TABLE student_info(
  //声明主键
	id INT PRIMARY KEY,
	name VARCHAR (10) NOT NULL,
	title VARCHAR (10),
	sex ENUM('男','女') DEFAULT '男'
)COMMENT '学生信息表';
~~~

2.可以把主键单独声明提出来

~~~sql
CREATE TABLE student_info(
	id INT ,
	name VARCHAR (10) NOT NULL,
	title VARCHAR (10),
	sex ENUM('男','女') DEFAULT '男',
  //声明主键
	PRIMARY KEY (id)
)COMMENT '学生信息表';
~~~

如果是多个列组合作为主键的话必须使用单独声明的方式，列与列用,隔开、。

主键默认是 not null 属性。



**UNIQUE**

对于不是主键，但是也想在插入的时候校验是否重复。可以使用UNIQUE属性，声明该列或者列组合不可重复。声明方式与声明主键相似。

~~~sql
CREATE TABLE student_info(
	id INT PRIMARY KEY,
	name VARCHAR(10) NOT NULL,
  //声明UNIQUE
	title VARCHAR(10) UNIQUE,
	sex ENUM('男','女') DEFAULT '男'
)COMMENT '学生信息表';

//2.UNIQUE KEY [约束名称] (列名1, 列名2, ...)
CREATE TABLE student_info(
	id INT PRIMARY KEY,
	name VARCHAR(10) NOT NULL,
	title VARCHAR(10) UNIQUE,
	sex ENUM('男','女') DEFAULT '男'
   //声明UNIQUE
   UNIQUE KEY title (title)
)COMMENT '学生信息表';

~~~

对于多个列的组合具有`UNIQUE`属性的情况，必须使用这种单独声明的形式。

声明了UNIQUE属性插入重复数据会报错。



**主键和`UNIQUE`约束的区别**

二者d都是保证某个列或者列组合在表里的唯一性，区别在

1.一张表只能有一个主键，可以有多个UNIQUE

2.主键不能存null值，UNIQUE可以存null并且null可以重复。



**外键**

外键作为多个有依赖关系的表的约束机制。

例：查找学生的成绩依靠学生信息表里的学号，如果信息表里没有这个学号，只有成绩表中有。那就相当于插入了不知道哪个学生的成绩，这种数据显然是无用的。为了防止这种情况就有了外键约束。

定义外键

~~~sql
CONSTRAINT 外键名称 FOREIGN KEY(列1, 列2, ...) REFERENCES 父表名(父列1, 父列2, ...);
~~~

外键名称是可选的，不定义会有默认。

如果A表中的默写列依赖B表中的某些列，那A表就叫做子表，B表为父表。字表和附表可以使用外键关联。学生成绩中的例子成绩表中的学号就是依赖信息表中的学号。所以信息表是父表，成绩表是子表。

建立外键后，每次在子表中插入数据，mysql都会自动检查插入的外键是否在父表中存在，如果不存在会报错。

~~~sql
CREATE TABLE student_score(
	number INT,
	subject VARCHAR(20),
	score TINYINT,
	PRIMARY KEY(number,subject),
	CONSTRAINT  FOREIGN KEY (number) REFERENCES student_info(number)
)COMMENT '学生成绩表';
~~~



**AUTO_INCREMENT**

自增属性，当某列中的数据是整数或者浮点类型的时候就可以设置AUTO_INCREMENT属性。当设置AUTO_INCREMENT属性后，在插入数据的时候不指定该列的值，或者指定为null、0，那新新插入的数据值就是当前列最大值+1。

~~~sql
列名 列的类型 AUTO_INCREMENT
~~~

定义AUTO_INCREMENT属性需要注意几点

1.一个表中最多只能存在一个AUTO_INCREMENT属性的列

2.AUTO_INCREMENT列必须建立索引，主键和UNIQUE会自动建立索引。

3.AUTO_INCREMENT的列不能设置默认值

4.一般AUTO_INCREMENT的列都是作为主键，来自动生成唯一标识的值。



**列的注释**

表可以添加注释，列也可以添加注释。也是通过在末尾用COMMENT添加

~~~sql
CREATE TABLE student_info(
	number INT PRIMARY KEY COMMENT '主键',
	name VARCHAR(20) NOT NULL COMMENT '姓名',
	sex ENUM('男','女') DEFAULT '男' COMMENT '性别',
	id_number CHAR(18) COMMENT '身份证号',
    department VARCHAR(30) COMMENT '学院',
    major VARCHAR(30) COMMENT '科目',
    enrollment_time DATE COMMENT '入学时间',
    UNIQUE KEY id_number (id_number)
)COMMENT '学生信息表';
~~~



**列的多属性**

每个列都可以有多个属性，在声明属性的时候用空格隔开就可以。注意有些属性是冲突的，如主键和UNIQUE。



### 简单查询

**查询单列的数据**

~~~sql
SELECT 列名 FROM 表名;
~~~

**查询多个列的数据**

~~~sql
SELECT 列名1, 列名2, ... 列名n FROM 表名;
~~~

**查询所有列**

~~~sql
SELECT * FROM 表名;
~~~

注意：除非你确实需要表中的每个列，否则不要用这个方式。虽然看起来很方便，但是查询不需要的列会降低性能，增加查询时间。

**去除单列的重复结果**

~~~sql
SELECT DISTINCT 列名 FROM 表名;
~~~

~~~sql
SELECT DISTINCT department FROM student_info;
~~~

**去除多列的重复结果**

对多列查询的结果去重的话，要把`DISTINCT`放在被查询的列的最前边

~~~~sql
SELECT DISTINCT 列名1, 列名2, ... 列名n  FROM 表名;
~~~~

**限制查询结果条数**

在查询语句的结果加上限制条数

~~~sql
LIMIT 开始行, 限制条数;
~~~

如果不指定开始行，就会默认从第0行开始查询

**查询结果按照单个列的值进行排序**

查询语句结尾加上

~~~sql
ORDER BY 列名 ASC|DESC
~~~

`ASC`和`DESC`指的是排序方向。`ASC`是指按照指定列的值进行由小到大进行排序，也叫做`升序`，`DESC`是指按照指定列的值进行由大到小进行排序，也叫做`降序`，这两种方式只能选一个。如果不指定排序方式，默认使用ASC 从小打到的排序。

~~~sql
SELECT * FROM student_score ORDER BY score ASC;
~~~

**查询结果按照多个列的值进行排序**

指定多个列排序，只要用逗号`,`隔开每个查询列就可以。

```sql
ORDER BY 列1 ASC|DESC, 列2 ASC|DESC ...
```

~~~SQL
SELECT * FROM student_score ORDER BY subject ,score DESC;	
~~~

以上的语句查询出的结果会先按照`subjuect`排序，再按照`score`值从大到小的顺序进行排列



### 搜索条件查询

**简单的条件搜索**

~~~SQL
SELECT * FROM student_info WHERE name = '范剑';
~~~

以上的语句查询表中姓名是范剑的信息。处理`=`这样的操作符，还有以下的

![](https://tva1.sinaimg.cn/large/006y8mN6ly1g8fzo1tfxhj30co0cvdft.jpg)



~~~SQL
//查询专业不是计算机科学与工程
SELECT * FROM student_info WHERE major !='计算机科学与工程';
//查询学号在20180102 和 20180104之间
SELECT * FROM student_info WHERE number BETWEEN 20180102 AND 20180104;
~~~



**匹配列表中的元素**

有时候搜索条件中指定的匹配值并不是单个值，而是多个值，只要匹配到列表中的某一项就算匹配成功，这种情况可以使用`IN`操作符：

![](https://tva1.sinaimg.cn/large/006y8mN6ly1g8g0t8abnuj30el04y3yd.jpg)

~~~SQL
//查询专业是软件工程或者飞行器设计
SELECT * FROM student_info WHERE major IN ('软件工程','飞行器设计');
~~~



**查询时匹配null值**

`NULL`代表没有值，意味着并不知道该列应该填入什么数据，在判断某一列是否为`NULL`的时候并不能单纯的使用`=`操作符，而是需要专业判断值是否是`NULL`的操作符：

![](https://tva1.sinaimg.cn/large/006y8mN6ly1g8g0yywfg6j30bi04g3yc.jpg)



**多个搜索条件查询**

**AND**

在多个条件下搜索，需要用到AND操作符来链接多个搜索条件。比如我们想从成绩表表中找出科目为`'母猪的产后护理'`并且成绩大于`75`分的记录

~~~sql
SELECT * FROM student_score WHERE subject = '母猪的产后护理' AND score >75;
~~~

**OR**

在多个条件下搜索，只要符合某一个条件就可以放入结果。这种请求要用到OR操作符。

比如我们想从`student_score`表中找出成绩大于`95`分或者小于`55`分的记录

~~~sql
SELECT * FROM student_score WHERE score > 95 OR score < 55;
~~~

**复杂的搜索条件的组合**

如果我们想从`student_score`表中找出课程为`'论萨达姆的战争准备'`，并且成绩大于`95`分或者小于`55`分的记录，那我们可能会这么写

~~~sql
mysql> SELECT * FROM student_score WHERE score > 95 OR score < 55 AND subject = '论萨达姆的战争准备';
+----------+-----------------------------+-------+
| number   | subject                     | score |
+----------+-----------------------------+-------+
| 20180102 | 母猪的产后护理              |   100 |
| 20180102 | 论萨达姆的战争准备          |    98 |
| 20180104 | 论萨达姆的战争准备          |    46 |
+----------+-----------------------------+-------+
3 rows in set (0.00 sec)
~~~

查询的结果中依然有 `'母猪的产后护理'` AND操作符的优先级高于OR操作符，在同时使用者两个运算符的时候可以用小括号`()`来显式的指定各个搜索条件的检测顺序

~~~sql
SELECT * FROM student_score WHERE( score > 95 OR score < 55 ) AND subject = '论萨达姆的战争准备';
~~~



**通配符**

有时候我们并不能精确的描述要查询的数据，这种查询就叫`模糊查询`模糊查询需要用到下面两个操作符

![](https://tva1.sinaimg.cn/large/006y8mN6ly1g8g23iwt48j30c604eq2r.jpg)

既然我们不能完整描述要查询的信息，那就用某个符号来替代这些模糊的信息，这个符号就被称为`通配符`。`MySQL`中支持下边这两个`通配符`：

**1.%:**代表任意一个字符串，比如说我们想查询`student_info`表中`name`以`'杜'`开头的记录

~~~sql
SELECT * FROM student_info WHERE name LIKE '杜%';
~~~

或者我们只知道学生名字里边包含了一个`'香'`字

~~~sql
SELECT * FROM student_info WHERE name LIKE '%香';
~~~





**2._:**使用%匹配的范围太大，它可以代表无数个字符。有时候我们知道要查询的有几个字符，就可以用_。比如我们想查询姓`'范'`，并且姓名只有2个字符的记录

~~~sql
SELECT * FROM student_info WHERE name LIKE '范_';
~~~

多个字符可以使用多个_来代替，如要查找姓 `杜`名字三个字的

~~~sql
SELECT * FROM student_info WHERE name LIKE '杜__';
~~~



**通配符转义**

如果查询的关键字中已经包括%或者_，就需要用到通配符转义

如果匹配字符串中需要普通字符`'%'`或者`'_'`的话，需要在它们前边加一个反斜杠`\`来和通配符区分开来，也就是说：

- `'\%'`代表普通字符`'%'`
- `'\_'`代表普通字符`'_'` 比方说这样：



### 函数

![](https://tva1.sinaimg.cn/large/006y8mN6ly1g8g7tmdqv3j30j60hjwex.jpg)

函数调用也是表达式的一种操作数，可以和其他操作数连接组成一个表达式作为查询的一个条件。

~~~sql
//用CONCAT拼接查询的结果
SELECT CONCAT ( '学号为',number ,'的学生在《',subject, '》课程的成绩是：', score) AS 成绩描述 FROM student_score;
+---------------------------------------------------------------------------------------+
| 成绩描述                                                                              |
+---------------------------------------------------------------------------------------+
| 学号为20180101的学生在《母猪的产后护理》课程的成绩是：78                              |
| 学号为20180101的学生在《论萨达姆的战争准备》课程的成绩是：88                          |
| 学号为20180102的学生在《母猪的产后护理》课程的成绩是：100                             |
| 学号为20180102的学生在《论萨达姆的战争准备》课程的成绩是：98                          |
| 学号为20180103的学生在《母猪的产后护理》课程的成绩是：59                              |
| 学号为20180103的学生在《论萨达姆的战争准备》课程的成绩是：61                          |
| 学号为20180104的学生在《母猪的产后护理》课程的成绩是：55                              |
| 学号为20180104的学生在《论萨达姆的战争准备》课程的成绩是：46                          |
+---------------------------------------------------------------------------------------+
~~~

这里的`AS 成绩描述`相当于是给查询出的结果起了个别名，如果不加的话

~~~sql
SELECT CONCAT ( '学号为',number ,'的学生在《',subject, '》课程的成绩是：', score) FROM student_score;       
+--------------------------------------------------------------------------------------------+
| CONCAT ( '学号为',number ,'的学生在《',subject, '》课程的成绩是：', score)                 |
+--------------------------------------------------------------------------------------------+
| 学号为20180101的学生在《母猪的产后护理》课程的成绩是：78                                   |
| 学号为20180101的学生在《论萨达姆的战争准备》课程的成绩是：88                               |
| 学号为20180102的学生在《母猪的产后护理》课程的成绩是：100                                  |
| 学号为20180102的学生在《论萨达姆的战争准备》课程的成绩是：98                               |
| 学号为20180103的学生在《母猪的产后护理》课程的成绩是：59                                   |
| 学号为20180103的学生在《论萨达姆的战争准备》课程的成绩是：61                               |
| 学号为20180104的学生在《母猪的产后护理》课程的成绩是：55                                   |
| 学号为20180104的学生在《论萨达姆的战争准备》课程的成绩是：46                               |
+--------------------------------------------------------------------------------------------+
~~~

**日期和时间处理函数**

![](https://tva1.sinaimg.cn/large/006y8mN6ly1g8g92qlkqkj30j40hujru.jpg)

~~~SQL
//获取当前时间
SELECT NOW();
+---------------------+
| NOW()               |
+---------------------+
| 2019-10-30 15:21:01 |
+---------------------+
1 row in set (0.01 sec)
~~~



**聚集函数**

![](https://tva1.sinaimg.cn/large/006y8mN6ly1g8gc64g6wxj307w08iwec.jpg)

**COUNT函数**

`COUNT`函数使用来统计行数的，它有下边两种使用方式：

1. `COUNT(*)`：对表中行的数目进行计数，不管列的值是不是`NULL`。
2. `COUNT(列名)`：对特定的列进行计数，会忽略掉该列为`NULL`的行。

两者的区别是会不会忽略统计列的值为NULL的行！



**MAX函数**

`MAX`函数是用来查询某列中数据的最大值

~~~sql
SELECT MAX(score) FROM student_score;
~~~

**MIN函数**

`MIN`函数是用来查询某列中数据的最小值

~~~SQL
SELECT MIN(score) FROM student_score;
~~~

**SUM函数**

`SUM`函数是用来计算某列数据的和

~~~sql
SELECT SUM(score) FROM student_score;
~~~

**AVG函数**

`AVG`函数是用来计算某列数据的平均数

~~~sql
SELECT AVG(score) FROM student_score;
~~~

**聚集函数中使用DISTINCT去重**

默认情况下，上边介绍的聚集函数将计算指定列的所有非`NULL`数据，如果我们指定的列中有重复数据的话，可以选择使用`DISTINCT`来过滤掉这些重复数据。比方说我们想查看一下`student_info`表中存储了多少个专业的学生信息，就可以这么写：

~~~sql
//查询一共有几个科目 去重
SELECT COUNT(DISTINCT major) FROM student_info;
~~~



**隐式类型转换**

只要某个值的类型与上下文要求的类型不符，`MySQL`就会根据上下文环境中需要的类型对该值进行类型转换，由于这些类型转换都是`MySQL`自动完成的，所以也可以被称为`隐式类型转换`。一下是几种常见的隐式类型转换的场景

1.把操作数类型转换为适合操作符计算的相应类型

​	比如使用`+`号，它要求左右两个操作数必须是数字才能进行操作。如果不是数字，会自动进行转换。

```sql
 1 + 2      →   3
'1' + 2     →   3
'1' + '2'   →   3	
```

2.将函数参数转换为该函数期望的类型

​	`CONCAT`函数是用来拼接字符串的，如果在调用这个函数的时候传入了数字也会自动转成字符串

~~~sql
CONCAT('1', '2')    →   '12'
CONCAT('1', 2)      →   '12'
CONCAT(1, 2)        →   '12'
~~~

3.存储数据时，把某个值转换为某个列需要的类型

如果在建表的时候数据类型是int 但是插入数据的时候添加了一个`"100"`的字符串，这样会被自动转换成100

**关于隐式转换需要注意的地方**

1.`MySQL`会尽量把值转换为表达式中需要的类型，而不是产生错误。

`'23sfd'`这个字符串无法转换为数字，但是`MySQL`规定只要字符串的开头部分包含数字，那么就把这个字符串转换为开头的数字，如果开头并没有包含数字，那么将被转换成`0`，比方说这样：

~~~sql
'23sfd'         →   23
'2019-08-28'    →   2019
'11:30:32'      →   11
'sfd'           →   0
~~~

**不过需要注意的是，这种强制转换不能用于存储数据中**

2.在运算时会自动提升操作数的类型

比如有个数据的类型是`TINYINT` 现在进行了一些相加的操作，使得值变成200，已经超过`TINYINT`的取值范围。`MySQL`会自动将整数类型的操作数提升到了`BIGINT`



### 分组查询

**创建分组**

前面说道的查询课程的平均分

~~~sql
SELECT AVG(score) FROM student_score WHERE subject = '母猪的产后护理';
SELECT AVG(score) FROM student_score WHERE subject = '论萨达姆的战争准备';
~~~

这种单条语句只能完成单次单个课程的查询，如果要一次查询多个课程的平均分就需要使用分组

针对某个列，将该列的值相同的记录分到一个组中，比如科目这列会按照值的不同被分成多个组

~~~sql
SELECT subject, AVG (score) FROM student_score GROUP BY subject;
+-----------------------------+-------------+
| subject                     | AVG (score) |
+-----------------------------+-------------+
| 母猪的产后护理              |     73.0000 |
| 论萨达姆的战争准备          |     73.2500 |
+-----------------------------+-------------+
2 rows in set (0.00 sec)
~~~

在使用`分组`的时候必须要意识到，分组的存在仅仅是为了方便我们分别统计各个分组中的信息，所以我们只需要把分组列和聚集函数放到查询列表处就好！如果`非分组列`出现在查询列表中就会报错。

~~~sql
SELECT number, subject, AVG(score) FROM student_score GROUP BY subject;
ERROR 1055 (42000): Expression #1 of SELECT list is not in GROUP BY clause and contains nonaggregated column 'xiaohaizi.student_score.number' which is not functionally dependent on columns in GROUP BY clause; this is incompatible with sql_mode=only_full_group_by
mysql>
~~~

**带有WHERE子句的分组查询**

在分组查询时候可以设置一些过滤条件，比如去掉地域60分的记录后再计算平均分

~~~sql
SELECT subject ,AVG(score) FROM student_score WHERE score >= 60 GROUP BY subject;
+-----------------------------+------------+
| subject                     | AVG(score) |
+-----------------------------+------------+
| 母猪的产后护理              |    89.0000 |
| 论萨达姆的战争准备          |    82.3333 |
+-----------------------------+------------+
2 rows in set (0.00 sec)
~~~

此时在分组时会过滤掉低于60分的成绩，分组后再计算平均分。

**作用于分组的过滤条件**

分组也可以设置过滤条件，上面平均分例中 只想查询平均分超过73的成绩

~~~sql
SELECT subject ,AVG(score) FROM student_score GROUP BY subject HAVING AVG(score) >73;
+-----------------------------+------------+
| subject                     | AVG(score) |
+-----------------------------+------------+
| 论萨达姆的战争准备          |    73.2500 |
+-----------------------------+------------+
1 row in set (0.00 sec)
~~~

最后的分组条件指定为了`HAVING AVG(score) >73`

**分组和排序**

如要要多分组查询的数据进行排序，需要为查询列表中的聚集函数添加别名，例：按各科平均分从从打到小排序。

~~~sql
SELECT subject ,AVG(score) AS avg_socre FROM student_score GROUP BY subject ORDER BY avg_socre DESC;
+-----------------------------+-----------+
| subject                     | avg_socre |
+-----------------------------+-----------+
| 论萨达姆的战争准备          |   73.2500 |
| 母猪的产后护理              |   73.0000 |
+-----------------------------+-----------+
2 rows in set (0.00 sec)
~~~

这里使用`AS avg_socre`给`AVG(score)`聚集函数重命名，排序时候按照重命名的`avg_socre`	进行排序

~~~sql
SELECT subject, AVG(score) AS avg_score FROM student_score GROUP BY subject ORDER BY avg_score DESC;
+-----------------------------+-----------+
| subject                     | avg_score |
+-----------------------------+-----------+
| 论萨达姆的战争准备          |   73.2500 |
| 母猪的产后护理              |   73.0000 |
+-----------------------------+-----------+
2 rows in set (0.01 sec)
~~~

**嵌套分组**

有时候按照某个列进行分组太笼统，一个分组内可以被继续划分成更小的分组。比方说对于`student_info`表来说，我们可以先按照`department`来进行分组，所以可以被划分为2个分组：

![](https://tva1.sinaimg.cn/large/006y8mN6ly1g8h87zbprkj30he0akjsc.jpg)

这里还可以按照major来继续分组

![](https://tva1.sinaimg.cn/large/006y8mN6ly1g8h88mxqwbj30if0bl3zi.jpg)

这种对大分组在继续分组的操作就叫做嵌套分组，如何可以的话还可以把小分组按照条件划分成更小的组。只需要在`GROUP BY`中把各个分组依次写上。

~~~sql
SELECT department,major FROM student_info GROUP BY department,major;
+-----------------+--------------------------+
| department      | major                    |
+-----------------+--------------------------+
| 计算机学院      | 计算机科学与工程         |
| 计算机学院      | 软件工程                 |
| 航天学院        | 飞行器设计               |
| 航天学院        | 电子信息                 |
+-----------------+--------------------------+
4 rows in set (0.00 sec)
~~~

还可以在嵌套分组里计算每个小分组的总数

~~~sql
SELECT department,major ,COUNT(*) FROM student_info GROUP BY department,major;
+-----------------+--------------------------+----------+
| department      | major                    | COUNT(*) |
+-----------------+--------------------------+----------+
| 计算机学院      | 计算机科学与工程         |        2 |
| 计算机学院      | 软件工程                 |        2 |
| 航天学院        | 飞行器设计               |        1 |
| 航天学院        | 电子信息                 |        1 |
+-----------------+--------------------------+----------+
4 rows in set (0.00 sec)

~~~

**使用分组注意事项**

使用分组来统计数据给我们带来了非常大的便利，但是要随时提防有坑的地方：

1. 如果分组列中含有`NULL`值，那么`NULL`也会作为一个独立的分组存在。

2. 如果存在多个分组列，也就是`嵌套分组`，聚集函数将作用在最后的那个分组列上（如上例中的总数计算作用在major列）。

3. 如果查询语句中存在`WHERE`子句和`ORDER BY`子句，那么`GROUP BY`子句必须出现在`WHERE`子句之后。

4. `非分组列`不能单独出现在检索列表中(可以被放到聚集函数中)。

5. `GROUP BY`子句后也可以跟随`表达式`(但不能是聚集函数)。

   上边介绍的`GROUP BY`后跟随的都是表中的某个列或者某些列，其实一个表达式也可以，比如这样：

   ```
   SELECT concat('专业：', major), COUNT(*) FROM student_info GROUP BY concat('专业：', major);
   +-----------------------------------+----------+
   | concat('专业：', major)           | COUNT(*) |
   +-----------------------------------+----------+
   | 专业：电子信息                    |        1 |
   | 专业：计算机科学与工程            |        2 |
   | 专业：软件工程                    |        2 |
   | 专业：飞行器设计                  |        1 |
   +-----------------------------------+----------+
   4 rows in set (0.00 sec)
   
   mysql>
   ```

   `MySQL`会根据这个表达式的值来对记录进行分组，使用表达式进行分组的时候需要特别注意，查询列表中的表达式和`GROUP BY`子句中的表达式必须完全一样。不过一般情况下我们也不会用表达式进行分组，所以目前基本没啥用～

6. `WHERE`子句和`HAVING`子句的区别。

   `WHERE`子句在分组前进行过滤，作用于每一条记录，`WHERE`子句过滤掉的记录将不包括在分组中。而`HAVING`子句在数据分组后进行过滤，作用于整个分组。

**简单查询语句中各子句的顺序**

上边介绍的查询语句的各个子句，但是除了`SELECT`之外，其他的子句全都是可以省略的。如果在一个查询语句中出现了多个子句，那么它们之间的顺序是不能乱放的，顺序如下所示：

```
SELECT [DISTINCT] 查询列表
[FROM 表名]
[WHERE 布尔表达式]
[GROUP BY 分组列表 ]
[HAVING 分组过滤条件]
[ORDER BY 排序列表]
[LIMIT 开始行, 限制条数]
```

其中中括号`[]`中的内容表示可以省略，我们在书写查询语句的时候各个子句必须严格遵守这个顺序，不然会报错的！

### 子查询

上面学习的都是查询单张表，如果现在要通过学生的姓名查询到学生的成绩

~~~sql
mysql> SELECT number FROM student_info WHERE name = '杜琦燕';
+----------+
| number   |
+----------+
| 20180102 |
+----------+
1 row in set (0.00 sec)

mysql> SELECT * FROM student_score WHERE number = 20180102;
+----------+-----------------------------+-------+
| number   | subject                     | score |
+----------+-----------------------------+-------+
| 20180102 | 母猪的产后护理              |   100 |
| 20180102 | 论萨达姆的战争准备          |    98 |
+----------+-----------------------------+-------+
2 rows in set (0.00 sec)

mysql>
~~~

先通过student_info表查出学生的学号，再去student_score通过学校查询出成绩

这种方式的效率就不用多说了

**标量子查询**

仔细看看上面的两条查询语句，第二条的查询条件(学号)是用到了第一个查询的结果。这里可以把这两条合并成一条。

~~~sql
SELECT * FROM student_score WHERE number = (SELECT number FROM student_info WHERE name = '杜 琦燕');
+----------+-----------------------------+-------+
| number   | subject                     | score |
+----------+-----------------------------+-------+
| 20180102 | 母猪的产后护理              |   100 |
| 20180102 | 论萨达姆的战争准备          |    98 |
+----------+-----------------------------+-------+
2 rows in set (0.00 sec)
~~~

用小括号来确定先查询的字段。小括号中的查询语句也被称为`子查询`或者`内层查询`，使用`内层查询`的结果作为搜索条件的操作数的查询称为`外层查询`。子查询中还可以在嵌套另一个子查询。

**列子查询**

通过一些条件查询一整列的数据，如：查询 计算机科学与工程 所有学生的成绩

~~~sql
SELECT * FROM student_score WHERE number IN (SELECT number FROM student_info WHERE major = ' 计算机科学与工程');
+----------+-----------------------------+-------+
| number   | subject                     | score |
+----------+-----------------------------+-------+
| 20180101 | 母猪的产后护理              |    78 |
| 20180101 | 论萨达姆的战争准备          |    88 |
| 20180102 | 母猪的产后护理              |   100 |
| 20180102 | 论萨达姆的战争准备          |    98 |
+----------+-----------------------------+-------+
~~~

这里将查询专业的语句作为内层查询，查询出学号之后通过外查询超出他们的所有信息

内查询的到结果是一个列，这种子查询也叫`列子查询`。查询的结果是个列表，通过IN操作匹配列来查询成绩。

**EXISTS和NOT EXISTS子查询**

有时候外层查询并不关心子查询中的结果是什么，而只关心子查询的结果集是不是为空集，这时可以用到下边这两个操作符：

![](https://tva1.sinaimg.cn/large/006y8mN6ly1g8iihfcckfj30fg04jgli.jpg)

~~~~sql
SELECT * FROM student_score WHERE EXISTS (SELECT * FROM student_info WHERE number = 20180108);
Empty set (0.00 sec)
~~~~



**不相关子查询和相关子查询**

不相关的子查询：

前面介绍的子查询都是和外查询没有依赖关系的，子查询也可以单独运行。

相关子查询：

需要在子查询中引用到外查询的值，这种就叫相关子查询

例：现在要查询所有 有成绩的学生的基本信息

~~~sql
 SELECT number, name, id_number, major FROM student_info WHERE EXISTS (SELECT * FROM student_score WHERE student_score.number = student_info.number);
+----------+-----------+--------------------+--------------------------+
| number   | name      | id_number          | major                    |
+----------+-----------+--------------------+--------------------------+
| 20180101 | 杜子腾    | 158177199901044792 | 计算机科学与工程         |
| 20180102 | 杜琦燕    | 151008199801178529 | 计算机科学与工程         |
| 20180103 | 范统      | 17156319980116959X | 软件工程                 |
| 20180104 | 史珍香    | 141992199701078600 | 软件工程                 |
+----------+-----------+--------------------+--------------------------+
4 rows in set (0.01 sec)
~~~

以上语句的执行顺序：先执行外层等到student_info表中的数据，然后将number的值传入到内查询比对是否存在。



**对同一个表的子查询**

需求：查询在`student_score`表的`'母猪的产后护理'`这门课的成绩中，有哪些超过了平均分的记录

~~~sql
SELECT * FROM student_score WHERE subject = '母猪的产后护理' AND score > AVG(score);
ERROR 1111 (HY000): Invalid use of group function
mysql>
~~~

以上的语句报错了，因为AVG聚集函数是对分组做数据统计的，以上的语句只有一个分组。这个分组是在WHERE执行完筛选后才得到的。也就是在等到分组前执行了AVG函数。这样是不对的。**聚集函数不能放到WHERE子句中！！！**

 如果我们想实现上边的需求，就需要搞一个`student_score`表的副本，就相当于有了两个`student_score`表，在一个表上使用聚集函数统计，统计完了之后拿着统计结果再到另一个表中进行过滤

~~~sql
SELECT * FROM student_score WHERE subject =  '母猪的产后护理' AND score > (SELECT AVG(score) FROM student_score WHERE subject = '母猪的产后护理');
+----------+-----------------------+-------+
| number   | subject               | score |
+----------+-----------------------+-------+
| 20180101 | 母猪的产后护理        |    78 |
| 20180102 | 母猪的产后护理        |   100 |
+----------+-----------------------+-------+
2 rows in set (0.00 sec)
~~~

这里先子查询求出平均分，然后外查询在利用平均分作为条件查找大于的值



### 连接查询

如果要想在一个查询语句中查询学生的基本信息，也能查询到学生的成绩 ，就需要做连接表查询。如果单纯的使用

~~~sql
select * from student_info,student_score;
~~~

这样查出来的数据并不是我们想要的

![](https://tva1.sinaimg.cn/large/006y8mN6ly1g8o67a2oe3j315u087mxo.jpg)

从信息表里查询出信息后面会连接上成绩，信息和成绩的组合并不是我们想要的。

这里需要指定查询的条件，从student_info表中取出学生的number，在student_score中找到对应的number。过滤的条件就是

~~~sql
student_info.number = student_score.number
~~~

查询的语句就变成了这样

~~~sql
SELECT  student_info.number, name, major, subject, score FROM student_info ,student_score WHERE  student_info.number = student_score.number;
+----------+-----------+--------------------------+-----------------------------+-------+
| number   | name      | major                    | subject                     | score |
+----------+-----------+--------------------------+-----------------------------+-------+
| 20180101 | 杜子腾    | 计算机科学与工程         | 母猪的产后护理              |    78 |
| 20180101 | 杜子腾    | 计算机科学与工程         | 论萨达姆的战争准备          |    88 |
| 20180102 | 杜琦燕    | 计算机科学与工程         | 母猪的产后护理              |   100 |
| 20180102 | 杜琦燕    | 计算机科学与工程         | 论萨达姆的战争准备          |    98 |
| 20180103 | 范统      | 软件工程                 | 母猪的产后护理              |    59 |
| 20180103 | 范统      | 软件工程                 | 论萨达姆的战争准备          |    61 |
| 20180104 | 史珍香    | 软件工程                 | 母猪的产后护理              |    55 |
| 20180104 | 史珍香    | 软件工程                 | 论萨达姆的战争准备          |    46 |
+----------+-----------+--------------------------+-----------------------------+-------+
8 rows in set (0.00 sec)
~~~

student_info表和student_score表都有number列，在查询的时候需要需要指定，顺便指定那个表都可以。

上面语句查询出的数据是所有有成绩的学生信息和成绩，数据表中的范剑和朱逸群在信息表中有数据，但是在成绩表中午数据。所以上面的语句并没有查询到这两个的成绩也没有显示出。

连接查询首先要确定第一个查询的表，这个表就叫做**驱动表**，在驱动表中查询得到数据再去查询其他表，其他表就是**被驱动表** 上例中的学生信息表是驱动表，成绩表是被驱动表

**内连接查询：**对于两个表，驱动表中的记录在被驱动表中找不到匹配的条件，那这条记录不会加入最终的结果。如上面的学生信息表中有范剑和朱逸群的number，但成绩表中没有。最终结果就没有

**外查询连接：**与内查询连接相反，驱动表的数据在被驱动表中没有，结果也会被加入。

根据驱动表不同，外连接可以分为两种：

左外连接：选取左侧的表为驱动表

右外连接：选取右侧的表为驱动表



对于外连界查询时，我们有时也不想把驱动表的记录全部加入到结果中。这时需要使用过滤条件来区分

**WHERE：**WHERE子句的过滤条件无论是内连接还是外连接，只要不符合条件都不会加入结果

**ON：**在外驱动时，如果被驱动表中没有驱动表的记录就不会加入记过。on这个子句是专为外连接查询设计的，如果on用在内连接时，它的作用和WHERE是一样的。



**外连接的语法**

​	1.左外连接：

~~~sql
SELECT * FROM 驱动表 LEFT  JOIN 被驱动表 ON 连接条件 [WHERE 普通过滤条件];
~~~

~~~sql
SELECT student_info.number ,name ,major,subject, score FROM student_info LEFT JOIN student_score ON student_info.number = student_score.number;
+----------+-----------+--------------------------+-----------------------------+-------+
| number   | name      | major                    | subject                     | score |
+----------+-----------+--------------------------+-----------------------------+-------+
| 20180101 | 杜子腾    | 计算机科学与工程         | 母猪的产后护理              |    78 |
| 20180101 | 杜子腾    | 计算机科学与工程         | 论萨达姆的战争准备          |    88 |
| 20180102 | 杜琦燕    | 计算机科学与工程         | 母猪的产后护理              |   100 |
| 20180102 | 杜琦燕    | 计算机科学与工程         | 论萨达姆的战争准备          |    98 |
| 20180103 | 范统      | 软件工程                 | 母猪的产后护理              |    59 |
| 20180103 | 范统      | 软件工程                 | 论萨达姆的战争准备          |    61 |
| 20180104 | 史珍香    | 软件工程                 | 母猪的产后护理              |    55 |
| 20180104 | 史珍香    | 软件工程                 | 论萨达姆的战争准备          |    46 |
| 20180105 | 范剑      | 飞行器设计               | NULL                        |  NULL |
| 20180106 | 朱逸群    | 电子信息                 | NULL                        |  NULL |
+----------+-----------+--------------------------+-----------------------------+-------+
10 rows in set (0.00 sec)
~~~

​	2.右外连接：和左外连接语法是一样的只是把LEFT换成RIGHT

~~~sql
SELECT * FROM 被驱动表 RIGHT  JOIN 驱动表 ON 连接条件 [WHERE 普通过滤条件];
~~~

~~~sql
SELECT student_info.number ,name ,major,subject, score FROM student_score RIGHT JOIN student_info ON student_info.number = student_score.number;
+----------+-----------+--------------------------+-----------------------------+-------+
| number   | name      | major                    | subject                     | score |
+----------+-----------+--------------------------+-----------------------------+-------+
| 20180101 | 杜子腾    | 计算机科学与工程         | 母猪的产后护理              |    78 |
| 20180101 | 杜子腾    | 计算机科学与工程         | 论萨达姆的战争准备          |    88 |
| 20180102 | 杜琦燕    | 计算机科学与工程         | 母猪的产后护理              |   100 |
| 20180102 | 杜琦燕    | 计算机科学与工程         | 论萨达姆的战争准备          |    98 |
| 20180103 | 范统      | 软件工程                 | 母猪的产后护理              |    59 |
| 20180103 | 范统      | 软件工程                 | 论萨达姆的战争准备          |    61 |
| 20180104 | 史珍香    | 软件工程                 | 母猪的产后护理              |    55 |
| 20180104 | 史珍香    | 软件工程                 | 论萨达姆的战争准备          |    46 |
| 20180105 | 范剑      | 飞行器设计               | NULL                        |  NULL |
| 20180106 | 朱逸群    | 电子信息                 | NULL                        |  NULL |
+----------+-----------+--------------------------+-----------------------------+-------+
10 rows in set (0.00 sec)
~~~

**内连接语法**

~~~sql
SELECT * FROM 驱动表  INNER JOIN 被驱动表  [WHERE 过滤条件];
~~~

其中 INNER可以省略



### 组合查询

将多条查询语句的结果合并到一个大的结果里，就叫做组合查询或者合并查询。

~~~sql
SELECT number ,name  FROM student_info WHERE name = '杜子腾' UNION SELECT number ,name FROM student_info WHERE name = '杜琦燕';
+----------+-----------+
| number   | name      |
+----------+-----------+
| 20180101 | 杜子腾    |
| 20180102 | 杜琦燕    |
+----------+-----------+
2 rows in set (0.00 sec)
~~~

使用`UNION`将多条查询语句连接起来。注意查询的值前后要一致（这里是number ,name）

~~~sql
SELECT m1, n1 FROM t1 WHERE m1 < 2 UNION SELECT n1, m1 FROM t1 WHERE m1 > 2;
~~~

使用`UNION`连接起来的两个查询中，第一个语句的查询列表是`m1, n1`，第二个查询语句的查询列表是`n1, m1`，我们应该注意两点：

- 第一个查询的查询列表处的`m1`和第二个查询的查询列表的`n1`对应，第一个查询的查询列表处的`n1`和第二个查询的查询列表的`m1`对应，`m1`和`n1`虽然类型不同，但`MySQL`会帮助我们自动进行必要的类型转换。
- 这几个查询语句的结果集都可以被合并到一个大的结果集中，但是这个大的结果集总是要有展示一下列名的吧，所以就规定组合查询的结果集中显示的列名将以第一个查询中的列名为准，上边的例子就采用了第一个查询中的`m1, n1`作为结果集的列名。

**查询去重**

使用`UNION`来合并多个查询的记录会默认过滤掉重复的记录

如果想要保留重复记录，可以使用`UNION ALL`来连接多个查询

~~~sql
SELECT m1, n1 FROM t1 UNION ALL SELECT m2, n2 FROM t2;
~~~



**组合查询中的ORDER BY和LIMIT子句**

组合查询会把每个查询的结果汇集到一起，可以使用`ORDER BY`和`LIMIT`对最终的结果进行操作

~~~sql
//排序
SELECT m1, n1 FROM t1 UNION SELECT m2, n2 FROM t2 ORDER BY m1 DESC LIMIT 2;
//为了让语句更清晰最好加上小括号
(SELECT m1, n1 FROM t1) UNION (SELECT m2, n2 FROM t2) ORDER BY m1 DESC LIMIT 2;
~~~

这里需要注意的一点是，由于最后的结果集展示的列名是第一个查询中给定的列名，所以`ORDER BY`子句中指定的排序列也必须是第一个查询中给定的列名（别名也可以）



### 插入删除和更新

**插入**

~~~sql
INSERT INTO 表名 VALUES(列1的值，列2的值, ..., 列n的值);
~~~

这种直接插入的语句 VALUES语句中必须给出表中所有列的值，缺一个都不行。

~~~sql
INSERT INTO 表名 (列1,列2,..., 列n)VALUES(列1的值，列2的值, ..., 列n的值);
~~~

这里显式的指定插入的列和对应的值。只要列的顺序和VALUES的顺序一致即可。

~~~sql
//批量插入 插入的值用逗号隔开
INSERT INTO 表名 (列1,列2,..., 列n)VALUES(列1的值，列2的值, ..., 列n的值),(列1的值，列2的值, ..., 列n的值);
~~~

对于主键或者UNIQUE的列是不允许插入重复的值，但是实际插入时我们并不知道是否是主键。这时可以使用INSERT IGNORE

~~~sql
INSERT IGNORE INTO 表名(列1, 列2) VALUES(值1, 值2) ;
~~~

对于那些是主键或者具有UNIQUE约束的列或者列组合来说，如果表中已存在的记录中没有与待插入记录在这些列或者列组合上重复的值，那么就把待插入记录插到表中，否则忽略此次插入操作

**INSERT ON DUPLICATE KEY UPDATE**

对于主键或者UNIQUE的列，插入重复数据时候不仅可以选择忽略插入，也可以选择更新重复的数据。

~~~sql
INSERT INTO first_table (first_column, second_column) VALUES(1, '哇哈哈') ON DUPLICATE KEY UPDATE second_column = '雪碧';
~~~

这个语句的意思就是，对于要插入的数据`(1, '哇哈哈')`来说，如果`first_table`表中已经存在`first_column`的列值为`1`的记录（因为`first_column`列具有`UNIQUE`约束），那么就把该记录的`second_column`列更新为`'雪碧'`。如果表中不存在1的记录就直接插入该数据

**删除**

~~~sql
DELETE FROM 表名 [WHERE 表达式];
~~~

删除语句的`WHERE`子句是可选的，如果不加`WHERE`子句的话，意味着删除表中所有数据。

**更新**

~~~sql
UPDATE 表名 SET 列1=值1, 列2=值2, ...,  列n=值n [WHERE 布尔表达式];
~~~

如果不指定`WHERE`子句，那么表中所有的记录都会被更新。



本文的大部分内容来自[MySQL 是怎样使用的：从零蛋开始学习 MySQL](https://juejin.im/book/5cc98974f265da03a54c2b37)